Model,Accuracy,AUC,Precision,Recall,F1,nFeatures
LogisticRegression,0.8497368421052631,0.8790476190476191,0.7987870802228387,0.7666666666666666,0.7543900663512733,15
RandomForestClassifier,0.875263157894737,0.9045714285714286,0.8352110361688535,0.7858333333333334,0.7864600979603761,15
