Model,Accuracy,AUC,Precision,Recall,F1,nFeatures
LogisticRegression,0.8550000000000001,0.8657619047619047,0.8242772763012702,0.7699999999999999,0.7594279451391521,15
RandomForestClassifier,0.86,0.8876904761904763,0.8588252801120448,0.7666666666666666,0.7660753811754925,15
