Model,Accuracy,AUC,Precision,Recall,F1,nFeatures
LogisticRegression,0.8292105263157895,0.8030000000000002,0.7519507101086049,0.733095238095238,0.7224752889071494,11
RandomForestClassifier,0.8492105263157894,0.9010714285714286,0.7702472173079757,0.7778571428571428,0.7601985839110422,19
